image_name,label
ben_1.png,ben
ben_2.jpeg,ben
ben_3.jpeg,ben
ben_4.jpeg,ben
ben_5.jpeg,ben
ben_6.png,ben
ben_7.png,ben
ben_8.png,ben
ben_9.png,ben
ben_10.png,ben
ben_11.png,ben
ben_12.png,ben
ben_13.png,ben
ben_14.png,ben
ben_15.png,ben
leslie_1.png,leslie
leslie_2.png,leslie
leslie_3.jpeg,leslie
leslie_4.png,leslie
leslie_5.jpeg,leslie
leslie_5.jpeg,leslie
leslie_6.png,leslie
leslie_7.jpeg,leslie
leslie_8.jpg,leslie
leslie_9.png,leslie
leslie_10.png,leslie
leslie_11.png,leslie
leslie_12.png,leslie
leslie_13.png,leslie
leslie_14.png,leslie
leslie_15.png,leslie
ron_1.jpeg,ron
ron_2.png,ron
ron_3.png,ron
ron_4.jpeg,ron
ron_5.png,ron
ron_6.png,ron
ron_7.png,ron
ron_8.png,ron
ron_9.png,ron
ron_10.png,ron
ron_11.png,ron
ron_12.png,ron
ron_13.png,ron
ron_14.png,ron
ron_15.png,ron
donna_1.png,donna
donna_2.png,donna
donna_3.png,donna
donna_4.png,donna
donna_5.png,donna
donna_6.png,donna
donna_7.png,donna
donna_8.png,donna
donna_9.png,donna
donna_10.png,donna
donna_11.png,donna
donna_12.png,donna
donna_13.png,donna
donna_14.png,donna
donna_15.png,donna
april_1.png,april
april_2.png,april
april_3.png,april
april_4.png,april
april_5.png,april
april_6.png,april
april_7.png,april
april_8.png,april
april_9.png,april
april_10.png,april
april_11.png,april
april_12.png,april
april_13.png,april
april_14.png,april
april_15.png,april